player_id,name,position,team,week,career_stage,role_description,archetype_tags,volatility,trend,health_status,adp_band,ecr_tier,trade_interest,bye_week,playoff_schedule,summary_text
qb1_2025,Trey Rodriguez,QB,MIA,8,veteran,Traditional pocket passer with low week-to-week variance,pocket_qb,Low,Flat,Healthy,Round 7-8,Tier 4,Low,7,Friendly playoff schedule,"Healthy Tier 4 QB in high-volume passing offense, slow tempo with steady usage pattern. Friendly playoff schedule."
qb2_2025,Sam Miller,QB,TB,8,rookie,Traditional pocket passer with mid week-to-week variance,pocket_qb,Mid,Down,Out,Round 7-8,Tier 4,Med,7,Tough playoff matchups,"Out with availability unclear Tier 4 QB in mid-volume passing offense, fast tempo with declining role. Tough playoff matchups."
qb3_2025,Trevor Roberts,QB,NO,8,young breakout,Traditional pocket passer with low week-to-week variance,pocket_qb,Low,Flat,Healthy,Round 9-10,Tier 5,Very High,8,Friendly playoff schedule,"Healthy Tier 5 QB in high-volume passing offense, fast tempo with steady usage pattern. Friendly playoff schedule."
qb4_2025,Lucas Hernandez,QB,KC,8,veteran,Dual-threat QB who adds rushing value with mid week-to-week variance,dual_threat_qb,Mid,Down,Healthy,Round 7-8,Tier 2,Low,5,Friendly playoff schedule,"Healthy Tier 2 QB in low-volume passing offense, mid tempo with declining role. Friendly playoff schedule."
qb5_2025,David Nelson,QB,DAL,8,veteran,Traditional pocket passer with low week-to-week variance,pocket_qb,Low,Up,Healthy,Round 3-4,Tier 2,High,11,Mixed playoff outlook,"Healthy Tier 2 QB in high-volume passing offense, slow tempo with ascending usage trend. Mixed playoff outlook."
qb6_2025,Noah Hall,QB,MIN,8,veteran,Traditional pocket passer with mid week-to-week variance,pocket_qb,Mid,Flat,Questionable,Round 9-10,Tier 5,Med,4,Mixed playoff outlook,"Minor injury concern Tier 5 QB in mid-volume passing offense, mid tempo with steady usage pattern. Mixed playoff outlook."
qb7_2025,Mason Davis,QB,ATL,8,young breakout,Traditional pocket passer with mid week-to-week variance,pocket_qb,Mid,Down,Healthy,Round 3-4,Tier 2,High,9,Mixed playoff outlook,"Healthy Tier 2 QB in low-volume passing offense, fast tempo with declining role. Mixed playoff outlook."
qb8_2025,Lucas Carter,QB,BAL,8,veteran,Dual-threat QB who adds rushing value with low week-to-week variance,dual_threat_qb,Low,Up,Out,Round 9-10,Tier 5,High,12,Friendly playoff schedule,"Out with availability unclear Tier 5 QB in high-volume passing offense, fast tempo with ascending usage trend. Friendly playoff schedule."
qb9_2025,Lucas Hall,QB,LV,8,veteran,Traditional pocket passer with low week-to-week variance,pocket_qb,Low,Flat,Healthy,Round 11+,Tier 3,Med,7,Mixed playoff outlook,"Healthy Tier 3 QB in low-volume passing offense, fast tempo with steady usage pattern. Mixed playoff outlook."
qb10_2025,Jake Green,QB,CHI,8,young breakout,Dual-threat QB who adds rushing value with mid week-to-week variance,dual_threat_qb,Mid,Flat,Healthy,Round 3-4,Tier 1,High,10,Mixed playoff outlook,"Healthy Tier 1 QB in mid-volume passing offense, slow tempo with steady usage pattern. Mixed playoff outlook."
qb11_2025,Logan Holt,QB,DAL,8,veteran,Traditional pocket passer with low week-to-week variance,pocket_qb,Low,Flat,Healthy,Round 1-2,Tier 2,High,10,Friendly playoff schedule,"Healthy Tier 2 QB in high-volume passing offense, fast tempo with steady usage pattern. Friendly playoff schedule."
qb12_2025,Austin Reed,QB,NE,8,veteran,Traditional pocket passer with low week-to-week variance,pocket_qb,Low,Flat,Healthy,Round 1-2,Tier 1,High,6,Tough playoff matchups,"Healthy Tier 1 QB in high-volume passing offense, mid tempo with steady usage pattern. Tough playoff matchups."
qb13_2025,Alex Nelson,QB,LAR,8,veteran,Traditional pocket passer with mid week-to-week variance,pocket_qb,Mid,Flat,Healthy,Round 5-6,Tier 2,High,4,Tough playoff matchups,"Healthy Tier 2 QB in high-volume passing offense, fast tempo with steady usage pattern. Tough playoff matchups."
qb14_2025,Sam Reed,QB,NYG,8,veteran,Traditional pocket passer with low week-to-week variance,pocket_qb,Low,Down,Healthy,Round 3-4,Tier 1,High,5,Mixed playoff outlook,"Healthy Tier 1 QB in low-volume passing offense, fast tempo with declining role. Mixed playoff outlook."
qb15_2025,Ethan Torres,QB,TEN,8,veteran,Dual-threat QB who adds rushing value with mid week-to-week variance,dual_threat_qb,Mid,Down,Healthy,Round 11+,Tier 4,High,8,Tough playoff matchups,"Healthy Tier 4 QB in high-volume passing offense, fast tempo with declining role. Tough playoff matchups."
qb16_2025,Chris Reed,QB,JAX,8,veteran,Dual-threat QB who adds rushing value with low week-to-week variance,dual_threat_qb,Low,Flat,Healthy,Round 3-4,Tier 1,High,4,Mixed playoff outlook,"Healthy Tier 1 QB in mid-volume passing offense, fast tempo with steady usage pattern. Mixed playoff outlook."
qb17_2025,Chris Lee,QB,LAC,8,rookie,Traditional pocket passer with low week-to-week variance,pocket_qb,Low,Flat,Healthy,Round 5-6,Tier 3,High,5,Mixed playoff outlook,"Healthy Tier 3 QB in high-volume passing offense, fast tempo with steady usage pattern. Mixed playoff outlook."
qb18_2025,Sam Foster,QB,HOU,8,rookie,Dual-threat QB who adds rushing value with low week-to-week variance,dual_threat_qb,Low,Up,Healthy,Round 3-4,Tier 2,High,12,Mixed playoff outlook,"Healthy Tier 2 QB in high-volume passing offense, fast tempo with ascending usage trend. Mixed playoff outlook."
qb19_2025,Sean Anderson,QB,DEN,8,veteran,Dual-threat QB who adds rushing value with low week-to-week variance,dual_threat_qb,Low,Down,Questionable,Round 5-6,Tier 4,High,11,Mixed playoff outlook,"Minor injury concern Tier 4 QB in mid-volume passing offense, mid tempo with declining role. Mixed playoff outlook."
qb20_2025,Derek White,QB,MIA,8,veteran,Dual-threat QB who adds rushing value with low week-to-week variance,dual_threat_qb,Low,Up,Healthy,Round 5-6,Tier 3,High,7,Friendly playoff schedule,"Healthy Tier 3 QB in low-volume passing offense, mid tempo with ascending usage trend. Friendly playoff schedule."
qb21_2025,Mason Garcia,QB,NYJ,8,veteran,Dual-threat QB who adds rushing value with mid week-to-week variance,dual_threat_qb,Mid,Flat,Healthy,Round 5-6,Tier 2,Low,12,Mixed playoff outlook,"Healthy Tier 2 QB in high-volume passing offense, mid tempo with steady usage pattern. Mixed playoff outlook."
qb22_2025,Sam Martinez,QB,SF,8,young breakout,Traditional pocket passer with mid week-to-week variance,pocket_qb,Mid,Up,Healthy,Round 3-4,Tier 2,High,10,Friendly playoff schedule,"Healthy Tier 2 QB in high-volume passing offense, fast tempo with ascending usage trend. Friendly playoff schedule."
qb23_2025,David Young,QB,NO,8,veteran,Traditional pocket passer with low week-to-week variance,pocket_qb,Low,Flat,Out,Round 5-6,Tier 3,Very High,4,Tough playoff matchups,"Out with availability unclear Tier 3 QB in high-volume passing offense, fast tempo with steady usage pattern. Tough playoff matchups."
qb24_2025,Nick Turner,QB,DET,8,veteran,Traditional pocket passer with low week-to-week variance,pocket_qb,Low,Flat,Questionable,Round 7-8,Tier 4,High,7,Mixed playoff outlook,"Minor injury concern Tier 4 QB in high-volume passing offense, slow tempo with steady usage pattern. Mixed playoff outlook."
qb25_2025,Caleb Jackson,QB,LAR,8,young breakout,Dual-threat QB who adds rushing value with mid week-to-week variance,dual_threat_qb,Mid,Flat,Questionable,Round 7-8,Tier 4,Med,12,Friendly playoff schedule,"Minor injury concern Tier 4 QB in mid-volume passing offense, mid tempo with steady usage pattern. Friendly playoff schedule."
qb26_2025,Tyler Miller,QB,LAC,8,young breakout,Traditional pocket passer with mid week-to-week variance,pocket_qb,Mid,Up,Healthy,Round 7-8,Tier 4,High,11,Friendly playoff schedule,"Healthy Tier 4 QB in mid-volume passing offense, slow tempo with ascending usage trend. Friendly playoff schedule."
qb27_2025,Tyler Lewis,QB,DAL,8,veteran,Dual-threat QB who adds rushing value with high week-to-week variance,dual_threat_qb,High,Down,Healthy,Round 5-6,Tier 3,High,8,Tough playoff matchups,"Healthy Tier 3 QB in mid-volume passing offense, mid tempo with declining role. Tough playoff matchups."
qb28_2025,Isaiah Campbell,QB,SEA,8,young breakout,Traditional pocket passer with low week-to-week variance,pocket_qb,Low,Flat,Questionable,Round 7-8,Tier 2,High,4,Tough playoff matchups,"Minor injury concern Tier 2 QB in mid-volume passing offense, mid tempo with steady usage pattern. Tough playoff matchups."
qb29_2025,James Jones,QB,NE,8,veteran,Dual-threat QB who adds rushing value with low week-to-week variance,dual_threat_qb,Low,Down,Healthy,Round 5-6,Tier 3,High,12,Friendly playoff schedule,"Healthy Tier 3 QB in high-volume passing offense, slow tempo with declining role. Friendly playoff schedule."
qb30_2025,Caleb Garcia,QB,BAL,8,veteran,Traditional pocket passer with low week-to-week variance,pocket_qb,Low,Down,Questionable,Round 9-10,Tier 4,High,5,Tough playoff matchups,"Minor injury concern Tier 4 QB in mid-volume passing offense, fast tempo with declining role. Tough playoff matchups."
qb31_2025,Devon Miller,QB,NO,8,veteran,Dual-threat QB who adds rushing value with low week-to-week variance,dual_threat_qb,Low,Up,Healthy,Round 3-4,Tier 1,High,12,Mixed playoff outlook,"Healthy Tier 1 QB in high-volume passing offense, fast tempo with ascending usage trend. Mixed playoff outlook."
qb32_2025,James Taylor,QB,DAL,8,young breakout,Traditional pocket passer with high week-to-week variance,pocket_qb,High,Down,Healthy,Round 5-6,Tier 2,High,8,Mixed playoff outlook,"Healthy Tier 2 QB in high-volume passing offense, mid tempo with declining role. Mixed playoff outlook."
qb33_2025,Devon Green,QB,CLE,8,rookie,Traditional pocket passer with low week-to-week variance,pocket_qb,Low,Up,Healthy,Round 9-10,Tier 4,Very High,12,Mixed playoff outlook,"Healthy Tier 4 QB in mid-volume passing offense, slow tempo with ascending usage trend. Mixed playoff outlook."
qb34_2025,Logan Clark,QB,PHI,8,young breakout,Dual-threat QB who adds rushing value with low week-to-week variance,dual_threat_qb,Low,Up,Out,Round 3-4,Tier 1,High,8,Tough playoff matchups,"Out with availability unclear Tier 1 QB in high-volume passing offense, mid tempo with ascending usage trend. Tough playoff matchups."
qb35_2025,Isaiah Lee,QB,CLE,8,veteran,Traditional pocket passer with mid week-to-week variance,pocket_qb,Mid,Up,Healthy,Round 5-6,Tier 4,High,8,Friendly playoff schedule,"Healthy Tier 4 QB in mid-volume passing offense, fast tempo with ascending usage trend. Friendly playoff schedule."
qb36_2025,Lucas Martin,QB,KC,8,veteran,Dual-threat QB who adds rushing value with low week-to-week variance,dual_threat_qb,Low,Flat,IR,Round 3-4,Tier 1,High,8,Mixed playoff outlook,"IR with availability unclear Tier 1 QB in mid-volume passing offense, fast tempo with steady usage pattern. Mixed playoff outlook."
qb37_2025,Jamal Miller,QB,TB,8,veteran,Dual-threat QB who adds rushing value with high week-to-week variance,dual_threat_qb,High,Up,Questionable,Round 11+,Tier 5,Med,9,Mixed playoff outlook,"Minor injury concern Tier 5 QB in high-volume passing offense, mid tempo with ascending usage trend. Mixed playoff outlook."
qb38_2025,Kevin Flores,QB,TB,8,veteran,Traditional pocket passer with mid week-to-week variance,pocket_qb,Mid,Down,Healthy,Round 9-10,Tier 3,Med,5,Tough playoff matchups,"Healthy Tier 3 QB in high-volume passing offense, mid tempo with declining role. Tough playoff matchups."
qb39_2025,Chris Adams,QB,IND,8,young breakout,Dual-threat QB who adds rushing value with mid week-to-week variance,dual_threat_qb,Mid,Flat,Questionable,Round 5-6,Tier 2,High,9,Friendly playoff schedule,"Minor injury concern Tier 2 QB in high-volume passing offense, mid tempo with steady usage pattern. Friendly playoff schedule."
qb40_2025,Cameron Harris,QB,NO,8,veteran,Traditional pocket passer with low week-to-week variance,pocket_qb,Low,Flat,Questionable,Round 1-2,Tier 1,Very High,7,Friendly playoff schedule,"Minor injury concern Tier 1 QB in high-volume passing offense, mid tempo with steady usage pattern. Friendly playoff schedule."
rb1_2025,Michael Walker,RB,LAC,8,rookie,"Committee back sharing touches, high production volatility",standard,High,Up,Healthy,Round 3-4,Tier 2,High,4,Friendly playoff schedule,"Healthy Tier 2 RB in high-volume passing offense, slow tempo with ascending usage trend. Friendly playoff schedule."
rb2_2025,Brian Harris,RB,WAS,8,veteran,"Committee back sharing touches, low production volatility",standard,Low,Up,Healthy,Round 1-2,Tier 2,High,7,Mixed playoff outlook,"Healthy Tier 2 RB in high-volume passing offense, mid tempo with ascending usage trend. Mixed playoff outlook."
rb3_2025,Derek Foster,RB,NYG,8,young breakout,"Committee back sharing touches, high production volatility",standard,High,Down,Questionable,Round 1-2,Tier 1,Very High,4,Friendly playoff schedule,"Minor injury concern Tier 1 RB in mid-volume passing offense, mid tempo with declining role. Friendly playoff schedule."
rb4_2025,Malik Moore,RB,NYJ,8,rookie,"Committee back sharing touches, mid production volatility",standard,Mid,Flat,Healthy,Round 7-8,Tier 3,High,9,Tough playoff matchups,"Healthy Tier 3 RB in high-volume passing offense, mid tempo with steady usage pattern. Tough playoff matchups."
rb5_2025,Jordan Lewis,RB,DEN,8,rookie,"Committee back sharing touches, high production volatility",standard,High,Up,Healthy,Round 5-6,Tier 3,High,12,Tough playoff matchups,"Healthy Tier 3 RB in mid-volume passing offense, mid tempo with ascending usage trend. Tough playoff matchups."
rb6_2025,Trevor Clark,RB,TB,8,rookie,"Committee back sharing touches, mid production volatility",standard,Mid,Up,Healthy,Round 5-6,Tier 3,High,9,Tough playoff matchups,"Healthy Tier 3 RB in mid-volume passing offense, mid tempo with ascending usage trend. Tough playoff matchups."
rb7_2025,Liam Torres,RB,WAS,8,young breakout,"Committee back sharing touches, mid production volatility",standard,Mid,Flat,Questionable,Round 9-10,Tier 4,Low,12,Friendly playoff schedule,"Minor injury concern Tier 4 RB in high-volume passing offense, mid tempo with steady usage pattern. Friendly playoff schedule."
rb8_2025,Alex Mitchell,RB,TEN,8,young breakout,"Committee back sharing touches, mid production volatility",standard,Mid,Flat,Healthy,Round 11+,Tier 3,Low,4,Mixed playoff outlook,"Healthy Tier 3 RB in low-volume passing offense, fast tempo with steady usage pattern. Mixed playoff outlook."
rb9_2025,Sean Adams,RB,CHI,8,young breakout,"Committee back sharing touches, low production volatility",standard,Low,Down,Out,Round 9-10,Tier 5,High,12,Mixed playoff outlook,"Out with availability unclear Tier 5 RB in low-volume passing offense, slow tempo with declining role. Mixed playoff outlook."
rb10_2025,Austin Martin,RB,DET,8,rookie,"Committee back sharing touches, low production volatility",standard,Low,Flat,Healthy,Round 5-6,Tier 4,Very High,7,Friendly playoff schedule,"Healthy Tier 4 RB in low-volume passing offense, mid tempo with steady usage pattern. Friendly playoff schedule."
rb11_2025,Marcus Taylor,RB,SF,8,young breakout,"Committee back sharing touches, low production volatility",standard,Low,Flat,Healthy,Round 5-6,Tier 3,Very High,7,Tough playoff matchups,"Healthy Tier 3 RB in low-volume passing offense, fast tempo with steady usage pattern. Tough playoff matchups."
rb12_2025,Josh Robinson,RB,LAC,8,rookie,"Workhorse RB with heavy workload, mid production volatility",workhorse_rb,Mid,Flat,Healthy,Round 9-10,Tier 5,Med,5,Friendly playoff schedule,"Healthy Tier 5 RB in low-volume passing offense, slow tempo with steady usage pattern. Friendly playoff schedule."
rb13_2025,Ben King,RB,NE,8,young breakout,"Committee back sharing touches, low production volatility",standard,Low,Down,Healthy,Round 5-6,Tier 3,Very High,11,Tough playoff matchups,"Healthy Tier 3 RB in mid-volume passing offense, mid tempo with declining role. Tough playoff matchups."
rb14_2025,Xavier Thompson,RB,ARI,8,young breakout,"Committee back sharing touches, high production volatility",standard,High,Flat,Healthy,Round 7-8,Tier 3,Low,10,Mixed playoff outlook,"Healthy Tier 3 RB in high-volume passing offense, fast tempo with steady usage pattern. Mixed playoff outlook."
rb15_2025,Eric Allen,RB,DAL,8,veteran,"Committee back sharing touches, mid production volatility",standard,Mid,Down,Questionable,Round 3-4,Tier 1,High,7,Mixed playoff outlook,"Minor injury concern Tier 1 RB in high-volume passing offense, mid tempo with declining role. Mixed playoff outlook."
rb16_2025,Noah Taylor,RB,NYG,8,young breakout,"Committee back sharing touches, mid production volatility",standard,Mid,Down,Questionable,Round 9-10,Tier 4,Med,7,Mixed playoff outlook,"Minor injury concern Tier 4 RB in mid-volume passing offense, mid tempo with declining role. Mixed playoff outlook."
rb17_2025,Jake Garcia,RB,NO,8,young breakout,"Committee back sharing touches, mid production volatility",standard,Mid,Flat,Healthy,Round 1-2,Tier 1,High,4,Mixed playoff outlook,"Healthy Tier 1 RB in low-volume passing offense, mid tempo with steady usage pattern. Mixed playoff outlook."
rb18_2025,Malik Carter,RB,MIA,8,veteran,"Committee back sharing touches, low production volatility",standard,Low,Up,Healthy,Round 5-6,Tier 3,Very High,4,Mixed playoff outlook,"Healthy Tier 3 RB in mid-volume passing offense, fast tempo with ascending usage trend. Mixed playoff outlook."
rb19_2025,Matt Hill,RB,LV,8,young breakout,"Committee back sharing touches, mid production volatility",standard,Mid,Up,Out,Round 1-2,Tier 1,High,4,Mixed playoff outlook,"Out with availability unclear Tier 1 RB in high-volume passing offense, fast tempo with ascending usage trend. Mixed playoff outlook."
rb20_2025,Nick Turner,RB,JAX,8,veteran,"Committee back sharing touches, high production volatility",standard,High,Flat,Healthy,Round 1-2,Tier 1,Very High,12,Mixed playoff outlook,"Healthy Tier 1 RB in mid-volume passing offense, mid tempo with steady usage pattern. Mixed playoff outlook."
rb21_2025,Darian Campbell,RB,MIA,8,rookie,"Committee back sharing touches, mid production volatility",standard,Mid,Up,Healthy,Round 5-6,Tier 3,High,11,Friendly playoff schedule,"Healthy Tier 3 RB in high-volume passing offense, fast tempo with ascending usage trend. Friendly playoff schedule."
rb22_2025,Alex Thompson,RB,KC,8,young breakout,"Committee back sharing touches, high production volatility",standard,High,Up,Healthy,Round 3-4,Tier 1,High,10,Mixed playoff outlook,"Healthy Tier 1 RB in high-volume passing offense, slow tempo with ascending usage trend. Mixed playoff outlook."
rb23_2025,Austin Wright,RB,MIA,8,veteran,"Committee back sharing touches, mid production volatility",standard,Mid,Flat,Healthy,Round 9-10,Tier 5,Med,9,Friendly playoff schedule,"Healthy Tier 5 RB in mid-volume passing offense, slow tempo with steady usage pattern. Friendly playoff schedule."
rb24_2025,Marcus Reed,RB,MIA,8,veteran,"Committee back sharing touches, low production volatility",standard,Low,Flat,Healthy,Round 5-6,Tier 3,Very High,6,Friendly playoff schedule,"Healthy Tier 3 RB in high-volume passing offense, fast tempo with steady usage pattern. Friendly playoff schedule."
rb25_2025,Jordan Green,RB,KC,8,young breakout,"Committee back sharing touches, mid production volatility",standard,Mid,Flat,Healthy,Round 9-10,Tier 4,Med,6,Tough playoff matchups,"Healthy Tier 4 RB in high-volume passing offense, fast tempo with steady usage pattern. Tough playoff matchups."
rb26_2025,Jordan Foster,RB,JAX,8,veteran,"Committee back sharing touches, mid production volatility",standard,Mid,Down,Healthy,Round 3-4,Tier 1,High,8,Tough playoff matchups,"Healthy Tier 1 RB in high-volume passing offense, mid tempo with declining role. Tough playoff matchups."
rb27_2025,Nick Roberts,RB,DEN,8,rookie,"Committee back sharing touches, mid production volatility",standard,Mid,Flat,Healthy,Round 3-4,Tier 2,Very High,7,Mixed playoff outlook,"Healthy Tier 2 RB in high-volume passing offense, fast tempo with steady usage pattern. Mixed playoff outlook."
rb28_2025,Xavier Rodriguez,RB,NYJ,8,young breakout,"Committee back sharing touches, mid production volatility",standard,Mid,Down,Healthy,Round 3-4,Tier 1,Very High,5,Tough playoff matchups,"Healthy Tier 1 RB in low-volume passing offense, fast tempo with declining role. Tough playoff matchups."
rb29_2025,Tyler Walker,RB,SEA,8,rookie,"Committee back sharing touches, mid production volatility",standard,Mid,Up,Healthy,Round 7-8,Tier 3,Med,11,Mixed playoff outlook,"Healthy Tier 3 RB in mid-volume passing offense, slow tempo with ascending usage trend. Mixed playoff outlook."
rb30_2025,Caleb Turner,RB,NYG,8,young breakout,"Committee back sharing touches, mid production volatility",standard,Mid,Flat,Healthy,Round 7-8,Tier 4,High,11,Tough playoff matchups,"Healthy Tier 4 RB in high-volume passing offense, fast tempo with steady usage pattern. Tough playoff matchups."
rb31_2025,Lucas Thompson,RB,LAC,8,veteran,"Committee back sharing touches, high production volatility",standard,High,Up,Questionable,Round 1-2,Tier 1,High,7,Tough playoff matchups,"Minor injury concern Tier 1 RB in low-volume passing offense, fast tempo with ascending usage trend. Tough playoff matchups."
rb32_2025,Alex White,RB,MIA,8,young breakout,"Committee back sharing touches, mid production volatility",standard,Mid,Flat,Doubtful,Round 1-2,Tier 2,High,9,Mixed playoff outlook,"Doubtful with availability unclear Tier 2 RB in mid-volume passing offense, mid tempo with steady usage pattern. Mixed playoff outlook."
rb33_2025,Xavier Carter,RB,NYG,8,young breakout,"Committee back sharing touches, mid production volatility",standard,Mid,Flat,Healthy,Round 1-2,Tier 1,High,5,Mixed playoff outlook,"Healthy Tier 1 RB in high-volume passing offense, mid tempo with steady usage pattern. Mixed playoff outlook."
rb34_2025,Josh Flores,RB,LAC,8,young breakout,"Committee back sharing touches, mid production volatility",standard,Mid,Flat,Healthy,Round 1-2,Tier 2,High,11,Friendly playoff schedule,"Healthy Tier 2 RB in high-volume passing offense, mid tempo with steady usage pattern. Friendly playoff schedule."
rb35_2025,Mason Robinson,RB,LAC,8,young breakout,"Committee back sharing touches, mid production volatility",standard,Mid,Up,Doubtful,Round 5-6,Tier 3,High,10,Tough playoff matchups,"Doubtful with availability unclear Tier 3 RB in high-volume passing offense, fast tempo with ascending usage trend. Tough playoff matchups."
rb36_2025,David Carter,RB,LAR,8,rookie,"Committee back sharing touches, mid production volatility",standard,Mid,Up,Healthy,Round 9-10,Tier 3,High,7,Mixed playoff outlook,"Healthy Tier 3 RB in low-volume passing offense, fast tempo with ascending usage trend. Mixed playoff outlook."
rb37_2025,Sam Reed,RB,TEN,8,rookie,"Committee back sharing touches, mid production volatility",standard,Mid,Flat,Healthy,Round 5-6,Tier 4,Very High,12,Mixed playoff outlook,"Healthy Tier 4 RB in mid-volume passing offense, slow tempo with steady usage pattern. Mixed playoff outlook."
rb38_2025,Trevor Martin,RB,LV,8,young breakout,"Workhorse RB with heavy workload, mid production volatility",workhorse_rb,Mid,Up,Questionable,Round 7-8,Tier 4,High,8,Friendly playoff schedule,"Minor injury concern Tier 4 RB in mid-volume passing offense, fast tempo with ascending usage trend. Friendly playoff schedule."
rb39_2025,Noah Carter,RB,HOU,8,young breakout,"Committee back sharing touches, high production volatility",standard,High,Up,Healthy,Round 1-2,Tier 1,High,4,Mixed playoff outlook,"Healthy Tier 1 RB in low-volume passing offense, mid tempo with ascending usage trend. Mixed playoff outlook."
rb40_2025,Eric Allen,RB,DET,8,rookie,"Committee back sharing touches, high production volatility",standard,High,Flat,Healthy,Round 3-4,Tier 1,Very High,11,Friendly playoff schedule,"Healthy Tier 1 RB in mid-volume passing offense, fast tempo with steady usage pattern. Friendly playoff schedule."
rb41_2025,Josh Garcia,RB,NE,8,rookie,"Committee back sharing touches, mid production volatility",standard,Mid,Down,Healthy,Round 1-2,Tier 2,High,5,Friendly playoff schedule,"Healthy Tier 2 RB in mid-volume passing offense, mid tempo with declining role. Friendly playoff schedule."
rb42_2025,Matt Nelson,RB,LV,8,veteran,"Committee back sharing touches, high production volatility",standard,High,Flat,Healthy,Round 9-10,Tier 4,Low,11,Mixed playoff outlook,"Healthy Tier 4 RB in high-volume passing offense, mid tempo with steady usage pattern. Mixed playoff outlook."
rb43_2025,Liam Green,RB,NE,8,young breakout,"Committee back sharing touches, mid production volatility",standard,Mid,Up,Questionable,Round 1-2,Tier 1,High,7,Mixed playoff outlook,"Minor injury concern Tier 1 RB in high-volume passing offense, slow tempo with ascending usage trend. Mixed playoff outlook."
rb44_2025,Ryan Taylor,RB,TEN,8,young breakout,"Workhorse RB with heavy workload, high production volatility",workhorse_rb,High,Flat,Healthy,Round 1-2,Tier 1,Very High,11,Tough playoff matchups,"Healthy Tier 1 RB in high-volume passing offense, slow tempo with steady usage pattern. Tough playoff matchups."
rb45_2025,Noah Brown,RB,LV,8,rookie,"Committee back sharing touches, low production volatility",standard,Low,Up,Questionable,Round 9-10,Tier 4,Low,5,Mixed playoff outlook,"Minor injury concern Tier 4 RB in low-volume passing offense, mid tempo with ascending usage trend. Mixed playoff outlook."
rb46_2025,Trey Adams,RB,DEN,8,young breakout,"Committee back sharing touches, low production volatility",standard,Low,Down,Healthy,Round 7-8,Tier 4,Very High,6,Friendly playoff schedule,"Healthy Tier 4 RB in low-volume passing offense, fast tempo with declining role. Friendly playoff schedule."
rb47_2025,Jamal Lopez,RB,WAS,8,young breakout,"Committee back sharing touches, mid production volatility",standard,Mid,Up,Out,Round 7-8,Tier 4,Med,11,Mixed playoff outlook,"Out with availability unclear Tier 4 RB in mid-volume passing offense, mid tempo with ascending usage trend. Mixed playoff outlook."
rb48_2025,Liam Carter,RB,CAR,8,veteran,"Committee back sharing touches, mid production volatility",standard,Mid,Up,Healthy,Round 5-6,Tier 2,Med,11,Friendly playoff schedule,"Healthy Tier 2 RB in high-volume passing offense, mid tempo with ascending usage trend. Friendly playoff schedule."
rb49_2025,Sean Holt,RB,CHI,8,young breakout,"Committee back sharing touches, high production volatility",standard,High,Flat,Healthy,Round 1-2,Tier 2,High,4,Tough playoff matchups,"Healthy Tier 2 RB in mid-volume passing offense, mid tempo with steady usage pattern. Tough playoff matchups."
rb50_2025,Marcus Reed,RB,TEN,8,young breakout,"Committee back sharing touches, high production volatility",standard,High,Flat,Healthy,Round 1-2,Tier 1,High,8,Mixed playoff outlook,"Healthy Tier 1 RB in mid-volume passing offense, slow tempo with steady usage pattern. Mixed playoff outlook."
rb51_2025,Trey Scott,RB,CIN,8,young breakout,"Committee back sharing touches, mid production volatility",standard,Mid,Flat,Healthy,Round 5-6,Tier 2,Low,5,Mixed playoff outlook,"Healthy Tier 2 RB in mid-volume passing offense, slow tempo with steady usage pattern. Mixed playoff outlook."
rb52_2025,Josh Martin,RB,CAR,8,veteran,"Workhorse RB with heavy workload, mid production volatility",workhorse_rb,Mid,Flat,Questionable,Round 1-2,Tier 1,Very High,9,Mixed playoff outlook,"Minor injury concern Tier 1 RB in high-volume passing offense, slow tempo with steady usage pattern. Mixed playoff outlook."
rb53_2025,Nick Torres,RB,BUF,8,young breakout,"Committee back sharing touches, mid production volatility",standard,Mid,Up,Healthy,Round 7-8,Tier 3,Low,4,Mixed playoff outlook,"Healthy Tier 3 RB in low-volume passing offense, fast tempo with ascending usage trend. Mixed playoff outlook."
rb54_2025,Devon Reed,RB,SEA,8,young breakout,"Committee back sharing touches, mid production volatility",standard,Mid,Up,Questionable,Round 5-6,Tier 3,Med,8,Mixed playoff outlook,"Minor injury concern Tier 3 RB in low-volume passing offense, slow tempo with ascending usage trend. Mixed playoff outlook."
rb55_2025,Jordan Williams,RB,LAC,8,veteran,"Committee back sharing touches, high production volatility",standard,High,Flat,Healthy,Round 7-8,Tier 3,Med,12,Friendly playoff schedule,"Healthy Tier 3 RB in mid-volume passing offense, mid tempo with steady usage pattern. Friendly playoff schedule."
rb56_2025,Jordan King,RB,PIT,8,young breakout,"Committee back sharing touches, mid production volatility",standard,Mid,Down,Healthy,Round 1-2,Tier 1,High,8,Tough playoff matchups,"Healthy Tier 1 RB in high-volume passing offense, mid tempo with declining role. Tough playoff matchups."
rb57_2025,Matt Wright,RB,SF,8,rookie,"Committee back sharing touches, low production volatility",standard,Low,Flat,Out,Round 11+,Tier 4,Med,7,Tough playoff matchups,"Out with availability unclear Tier 4 RB in mid-volume passing offense, mid tempo with steady usage pattern. Tough playoff matchups."
rb58_2025,Justin Garcia,RB,NYG,8,veteran,"Committee back sharing touches, mid production volatility",standard,Mid,Up,Healthy,Round 1-2,Tier 1,High,12,Mixed playoff outlook,"Healthy Tier 1 RB in low-volume passing offense, mid tempo with ascending usage trend. Mixed playoff outlook."
rb59_2025,Liam Adams,RB,SEA,8,veteran,"Committee back sharing touches, mid production volatility",standard,Mid,Flat,Healthy,Round 11+,Tier 5,Low,9,Tough playoff matchups,"Healthy Tier 5 RB in low-volume passing offense, fast tempo with steady usage pattern. Tough playoff matchups."
rb60_2025,Alex King,RB,CHI,8,veteran,"Committee back sharing touches, mid production volatility",standard,Mid,Flat,Out,Round 9-10,Tier 4,High,10,Friendly playoff schedule,"Out with availability unclear Tier 4 RB in mid-volume passing offense, mid tempo with steady usage pattern. Friendly playoff schedule."
rb61_2025,James Holt,RB,SF,8,veteran,"Committee back sharing touches, high production volatility",standard,High,Up,Questionable,Round 3-4,Tier 1,High,11,Friendly playoff schedule,"Minor injury concern Tier 1 RB in high-volume passing offense, fast tempo with ascending usage trend. Friendly playoff schedule."
rb62_2025,Malik White,RB,CLE,8,veteran,"Committee back sharing touches, mid production volatility",standard,Mid,Down,Questionable,Round 3-4,Tier 2,High,4,Mixed playoff outlook,"Minor injury concern Tier 2 RB in high-volume passing offense, slow tempo with declining role. Mixed playoff outlook."
rb63_2025,Kyle Garcia,RB,SF,8,veteran,"Committee back sharing touches, low production volatility",standard,Low,Flat,Healthy,Round 3-4,Tier 1,Very High,10,Mixed playoff outlook,"Healthy Tier 1 RB in low-volume passing offense, fast tempo with steady usage pattern. Mixed playoff outlook."
rb64_2025,Sam Lewis,RB,CHI,8,young breakout,"Committee back sharing touches, low production volatility",standard,Low,Flat,Healthy,Round 7-8,Tier 2,High,4,Friendly playoff schedule,"Healthy Tier 2 RB in mid-volume passing offense, slow tempo with steady usage pattern. Friendly playoff schedule."
rb65_2025,Trey Mitchell,RB,PHI,8,veteran,"Committee back sharing touches, mid production volatility",standard,Mid,Flat,Healthy,Round 5-6,Tier 4,High,5,Tough playoff matchups,"Healthy Tier 4 RB in mid-volume passing offense, fast tempo with steady usage pattern. Tough playoff matchups."
rb66_2025,Kevin Lopez,RB,WAS,8,veteran,"Committee back sharing touches, mid production volatility",standard,Mid,Down,Healthy,Round 5-6,Tier 2,High,4,Mixed playoff outlook,"Healthy Tier 2 RB in high-volume passing offense, mid tempo with declining role. Mixed playoff outlook."
rb67_2025,Sean Hernandez,RB,LAC,8,young breakout,"Committee back sharing touches, mid production volatility",standard,Mid,Flat,Healthy,Round 1-2,Tier 1,High,6,Friendly playoff schedule,"Healthy Tier 1 RB in low-volume passing offense, fast tempo with steady usage pattern. Friendly playoff schedule."
rb68_2025,Devon Lewis,RB,LAC,8,young breakout,"Committee back sharing touches, mid production volatility",standard,Mid,Flat,Healthy,Round 5-6,Tier 3,Med,11,Mixed playoff outlook,"Healthy Tier 3 RB in mid-volume passing offense, fast tempo with steady usage pattern. Mixed playoff outlook."
rb69_2025,Ethan Campbell,RB,BUF,8,veteran,"Committee back sharing touches, low production volatility",standard,Low,Up,Healthy,Round 5-6,Tier 3,Very High,12,Friendly playoff schedule,"Healthy Tier 3 RB in mid-volume passing offense, fast tempo with ascending usage trend. Friendly playoff schedule."
rb70_2025,David Adams,RB,WAS,8,young breakout,"Committee back sharing touches, high production volatility",standard,High,Up,Healthy,Round 7-8,Tier 4,High,11,Mixed playoff outlook,"Healthy Tier 4 RB in high-volume passing offense, mid tempo with ascending usage trend. Mixed playoff outlook."
wr1_2025,Eric Davis,WR,LAC,8,young breakout,"Deep-threat receiver with big-play ability, high weekly variance","deep_threat_wr, outside_wr",High,Flat,Doubtful,Round 3-4,Tier 2,High,4,Mixed playoff outlook,"Doubtful with availability unclear Tier 2 WR in high-volume passing offense, mid tempo with steady usage pattern. Mixed playoff outlook."
wr2_2025,Jamal Nelson,WR,SEA,8,veteran,"Possession receiver operating from slot, high weekly variance",possession_wr,High,Up,Healthy,Round 9-10,Tier 5,Very High,7,Mixed playoff outlook,"Healthy Tier 5 WR in high-volume passing offense, mid tempo with ascending usage trend. Mixed playoff outlook."
wr3_2025,Devon Moore,WR,HOU,8,young breakout,"Deep-threat receiver with big-play ability, mid weekly variance","deep_threat_wr, outside_wr",Mid,Down,Healthy,Round 7-8,Tier 3,High,8,Mixed playoff outlook,"Healthy Tier 3 WR in mid-volume passing offense, slow tempo with declining role. Mixed playoff outlook."
wr4_2025,Justin Miller,WR,PHI,8,rookie,"Deep-threat receiver with big-play ability, high weekly variance","deep_threat_wr, outside_wr",High,Up,Questionable,Round 3-4,Tier 1,High,12,Tough playoff matchups,"Minor injury concern Tier 1 WR in high-volume passing offense, mid tempo with ascending usage trend. Tough playoff matchups."
wr5_2025,Ryan Moore,WR,SF,8,veteran,"Deep-threat receiver with big-play ability, high weekly variance","deep_threat_wr, possession_wr",High,Up,Healthy,Round 7-8,Tier 3,High,9,Friendly playoff schedule,"Healthy Tier 3 WR in high-volume passing offense, fast tempo with ascending usage trend. Friendly playoff schedule."
wr6_2025,Mason Mitchell,WR,CAR,8,veteran,"Deep-threat receiver with big-play ability, mid weekly variance","deep_threat_wr, outside_wr",Mid,Flat,Questionable,Round 9-10,Tier 4,Low,4,Mixed playoff outlook,"Minor injury concern Tier 4 WR in mid-volume passing offense, slow tempo with steady usage pattern. Mixed playoff outlook."
wr7_2025,Ethan Adams,WR,ATL,8,veteran,"Outside receiver with varied route tree, high weekly variance",outside_wr,High,Flat,Healthy,Round 5-6,Tier 3,High,7,Mixed playoff outlook,"Healthy Tier 3 WR in high-volume passing offense, fast tempo with steady usage pattern. Mixed playoff outlook."
wr8_2025,Isaiah Thompson,WR,LV,8,young breakout,"Outside receiver with varied route tree, mid weekly variance",outside_wr,Mid,Up,Questionable,Round 3-4,Tier 2,High,10,Friendly playoff schedule,"Minor injury concern Tier 2 WR in high-volume passing offense, fast tempo with ascending usage trend. Friendly playoff schedule."
wr9_2025,Liam Scott,WR,PIT,8,rookie,"Deep-threat receiver with big-play ability, high weekly variance","deep_threat_wr, outside_wr",High,Up,Questionable,Round 5-6,Tier 3,Low,9,Tough playoff matchups,"Minor injury concern Tier 3 WR in high-volume passing offense, fast tempo with ascending usage trend. Tough playoff matchups."
wr10_2025,Matt Adams,WR,IND,8,veteran,"Deep-threat receiver with big-play ability, high weekly variance","deep_threat_wr, possession_wr",High,Flat,Doubtful,Round 7-8,Tier 3,Low,10,Mixed playoff outlook,"Doubtful with availability unclear Tier 3 WR in low-volume passing offense, fast tempo with steady usage pattern. Mixed playoff outlook."
wr11_2025,Kevin Allen,WR,LAC,8,veteran,"Deep-threat receiver with big-play ability, high weekly variance","deep_threat_wr, outside_wr",High,Up,Questionable,Round 5-6,Tier 2,Very High,12,Mixed playoff outlook,"Minor injury concern Tier 2 WR in high-volume passing offense, mid tempo with ascending usage trend. Mixed playoff outlook."
wr12_2025,Trevor Rodriguez,WR,LAR,8,rookie,"Deep-threat receiver with big-play ability, high weekly variance","deep_threat_wr, outside_wr",High,Flat,Healthy,Round 1-2,Tier 1,Very High,4,Friendly playoff schedule,"Healthy Tier 1 WR in mid-volume passing offense, mid tempo with steady usage pattern. Friendly playoff schedule."
wr13_2025,Darian Anderson,WR,BAL,8,veteran,"Outside receiver with varied route tree, mid weekly variance",outside_wr,Mid,Up,Healthy,Round 9-10,Tier 5,Very High,7,Friendly playoff schedule,"Healthy Tier 5 WR in high-volume passing offense, mid tempo with ascending usage trend. Friendly playoff schedule."
wr14_2025,Xavier Johnson,WR,NYG,8,veteran,"Deep-threat receiver with big-play ability, mid weekly variance","deep_threat_wr, outside_wr",Mid,Up,Healthy,Round 5-6,Tier 3,High,12,Friendly playoff schedule,"Healthy Tier 3 WR in mid-volume passing offense, mid tempo with ascending usage trend. Friendly playoff schedule."
wr15_2025,Brandon Martinez,WR,BUF,8,young breakout,"Outside receiver with varied route tree, mid weekly variance",outside_wr,Mid,Up,Healthy,Round 9-10,Tier 5,Med,4,Friendly playoff schedule,"Healthy Tier 5 WR in high-volume passing offense, mid tempo with ascending usage trend. Friendly playoff schedule."
wr16_2025,Matt Nguyen,WR,PIT,8,veteran,"Outside receiver with varied route tree, mid weekly variance",outside_wr,Mid,Down,Healthy,Round 3-4,Tier 1,Very High,9,Tough playoff matchups,"Healthy Tier 1 WR in high-volume passing offense, slow tempo with declining role. Tough playoff matchups."
wr17_2025,Mason Baker,WR,NYJ,8,veteran,"Outside receiver with varied route tree, high weekly variance",outside_wr,High,Flat,Questionable,Round 5-6,Tier 3,Low,4,Mixed playoff outlook,"Minor injury concern Tier 3 WR in low-volume passing offense, mid tempo with steady usage pattern. Mixed playoff outlook."
wr18_2025,Cameron Scott,WR,ARI,8,rookie,"Outside receiver with varied route tree, low weekly variance",outside_wr,Low,Up,Healthy,Round 1-2,Tier 1,High,6,Friendly playoff schedule,"Healthy Tier 1 WR in mid-volume passing offense, mid tempo with ascending usage trend. Friendly playoff schedule."
wr19_2025,Malik Flores,WR,CHI,8,young breakout,"Outside receiver with varied route tree, mid weekly variance",outside_wr,Mid,Flat,Healthy,Round 9-10,Tier 5,High,11,Tough playoff matchups,"Healthy Tier 5 WR in high-volume passing offense, fast tempo with steady usage pattern. Tough playoff matchups."
wr20_2025,Jordan Rivera,WR,KC,8,young breakout,"Outside receiver with varied route tree, high weekly variance",outside_wr,High,Flat,Healthy,Round 3-4,Tier 1,High,11,Mixed playoff outlook,"Healthy Tier 1 WR in high-volume passing offense, mid tempo with steady usage pattern. Mixed playoff outlook."
wr21_2025,Sean Thompson,WR,DAL,8,young breakout,"Outside receiver with varied route tree, high weekly variance",outside_wr,High,Flat,Healthy,Round 3-4,Tier 1,Very High,11,Friendly playoff schedule,"Healthy Tier 1 WR in low-volume passing offense, fast tempo with steady usage pattern. Friendly playoff schedule."
wr22_2025,Cameron Holt,WR,MIN,8,veteran,"Deep-threat receiver with big-play ability, mid weekly variance","deep_threat_wr, possession_wr",Mid,Flat,Healthy,Round 5-6,Tier 2,Med,12,Tough playoff matchups,"Healthy Tier 2 WR in mid-volume passing offense, mid tempo with steady usage pattern. Tough playoff matchups."
wr23_2025,David Campbell,WR,TB,8,veteran,"Deep-threat receiver with big-play ability, low weekly variance","deep_threat_wr, possession_wr",Low,Up,Healthy,Round 7-8,Tier 4,Med,8,Mixed playoff outlook,"Healthy Tier 4 WR in low-volume passing offense, mid tempo with ascending usage trend. Mixed playoff outlook."
wr24_2025,Adam Anderson,WR,IND,8,young breakout,"Possession receiver operating from slot, high weekly variance",possession_wr,High,Flat,Healthy,Round 1-2,Tier 2,Very High,9,Mixed playoff outlook,"Healthy Tier 2 WR in mid-volume passing offense, mid tempo with steady usage pattern. Mixed playoff outlook."
wr25_2025,Darian Thomas,WR,TB,8,veteran,"Possession receiver operating from slot, low weekly variance",possession_wr,Low,Flat,Questionable,Round 11+,Tier 3,Med,8,Friendly playoff schedule,"Minor injury concern Tier 3 WR in high-volume passing offense, slow tempo with steady usage pattern. Friendly playoff schedule."
wr26_2025,Liam White,WR,GB,8,rookie,"Possession receiver operating from slot, high weekly variance",possession_wr,High,Flat,Healthy,Round 5-6,Tier 4,High,10,Friendly playoff schedule,"Healthy Tier 4 WR in high-volume passing offense, fast tempo with steady usage pattern. Friendly playoff schedule."
wr27_2025,Brandon Miller,WR,KC,8,young breakout,"Outside receiver with varied route tree, high weekly variance",outside_wr,High,Down,Healthy,Round 3-4,Tier 1,High,9,Mixed playoff outlook,"Healthy Tier 1 WR in low-volume passing offense, fast tempo with declining role. Mixed playoff outlook."
wr28_2025,Darian Nelson,WR,CIN,8,veteran,"Deep-threat receiver with big-play ability, high weekly variance","deep_threat_wr, outside_wr",High,Flat,Out,Round 3-4,Tier 1,High,4,Mixed playoff outlook,"Out with availability unclear Tier 1 WR in high-volume passing offense, fast tempo with steady usage pattern. Mixed playoff outlook."
wr29_2025,Sean Scott,WR,ARI,8,young breakout,"Outside receiver with varied route tree, high weekly variance",outside_wr,High,Flat,Healthy,Round 1-2,Tier 2,High,5,Mixed playoff outlook,"Healthy Tier 2 WR in high-volume passing offense, fast tempo with steady usage pattern. Mixed playoff outlook."
wr30_2025,Malik Scott,WR,WAS,8,rookie,"Deep-threat receiver with big-play ability, mid weekly variance","deep_threat_wr, outside_wr",Mid,Flat,Healthy,Round 3-4,Tier 2,High,4,Friendly playoff schedule,"Healthy Tier 2 WR in mid-volume passing offense, fast tempo with steady usage pattern. Friendly playoff schedule."
wr31_2025,Justin Reed,WR,DAL,8,rookie,"Deep-threat receiver with big-play ability, mid weekly variance","deep_threat_wr, outside_wr",Mid,Down,Healthy,Round 7-8,Tier 3,High,10,Friendly playoff schedule,"Healthy Tier 3 WR in mid-volume passing offense, fast tempo with declining role. Friendly playoff schedule."
wr32_2025,Mason Torres,WR,GB,8,rookie,"Outside receiver with varied route tree, mid weekly variance",outside_wr,Mid,Flat,Healthy,Round 7-8,Tier 4,High,4,Mixed playoff outlook,"Healthy Tier 4 WR in high-volume passing offense, slow tempo with steady usage pattern. Mixed playoff outlook."
wr33_2025,Darian Robinson,WR,NO,8,rookie,"Deep-threat receiver with big-play ability, high weekly variance","deep_threat_wr, outside_wr",High,Flat,Questionable,Round 1-2,Tier 2,High,6,Tough playoff matchups,"Minor injury concern Tier 2 WR in mid-volume passing offense, fast tempo with steady usage pattern. Tough playoff matchups."
wr34_2025,Austin Young,WR,CLE,8,rookie,"Deep-threat receiver with big-play ability, high weekly variance","deep_threat_wr, outside_wr",High,Down,Healthy,Round 5-6,Tier 2,Low,5,Mixed playoff outlook,"Healthy Tier 2 WR in high-volume passing offense, slow tempo with declining role. Mixed playoff outlook."
wr35_2025,Michael Foster,WR,JAX,8,rookie,"Deep-threat receiver with big-play ability, high weekly variance","deep_threat_wr, possession_wr",High,Down,Healthy,Round 1-2,Tier 2,High,12,Mixed playoff outlook,"Healthy Tier 2 WR in mid-volume passing offense, slow tempo with declining role. Mixed playoff outlook."
wr36_2025,Kyle Taylor,WR,CLE,8,rookie,"Outside receiver with varied route tree, high weekly variance",outside_wr,High,Flat,Healthy,Round 5-6,Tier 4,High,6,Friendly playoff schedule,"Healthy Tier 4 WR in high-volume passing offense, fast tempo with steady usage pattern. Friendly playoff schedule."
wr37_2025,Trey Scott,WR,LAR,8,veteran,"Outside receiver with varied route tree, high weekly variance",outside_wr,High,Up,Healthy,Round 5-6,Tier 2,High,9,Mixed playoff outlook,"Healthy Tier 2 WR in low-volume passing offense, fast tempo with ascending usage trend. Mixed playoff outlook."
wr38_2025,Eric Allen,WR,WAS,8,veteran,"Deep-threat receiver with big-play ability, high weekly variance","deep_threat_wr, possession_wr",High,Flat,Questionable,Round 5-6,Tier 2,Low,8,Mixed playoff outlook,"Minor injury concern Tier 2 WR in high-volume passing offense, fast tempo with steady usage pattern. Mixed playoff outlook."
wr39_2025,Noah Garcia,WR,CIN,8,young breakout,"Outside receiver with varied route tree, high weekly variance",outside_wr,High,Up,Doubtful,Round 3-4,Tier 1,High,11,Tough playoff matchups,"Doubtful with availability unclear Tier 1 WR in low-volume passing offense, fast tempo with ascending usage trend. Tough playoff matchups."
wr40_2025,Eric Torres,WR,IND,8,veteran,"Deep-threat receiver with big-play ability, high weekly variance","deep_threat_wr, outside_wr",High,Up,Healthy,Round 1-2,Tier 1,High,9,Tough playoff matchups,"Healthy Tier 1 WR in high-volume passing offense, slow tempo with ascending usage trend. Tough playoff matchups."
wr41_2025,Marcus Taylor,WR,ARI,8,veteran,"Possession receiver operating from slot, high weekly variance",possession_wr,High,Up,Healthy,Round 11+,Tier 5,Med,6,Mixed playoff outlook,"Healthy Tier 5 WR in high-volume passing offense, slow tempo with ascending usage trend. Mixed playoff outlook."
wr42_2025,Michael Mitchell,WR,NE,8,veteran,"Deep-threat receiver with big-play ability, high weekly variance","deep_threat_wr, outside_wr",High,Flat,Healthy,Round 11+,Tier 5,Med,9,Tough playoff matchups,"Healthy Tier 5 WR in low-volume passing offense, mid tempo with steady usage pattern. Tough playoff matchups."
wr43_2025,Ethan Turner,WR,IND,8,rookie,"Deep-threat receiver with big-play ability, high weekly variance","deep_threat_wr, outside_wr",High,Up,Healthy,Round 7-8,Tier 4,Low,9,Tough playoff matchups,"Healthy Tier 4 WR in low-volume passing offense, fast tempo with ascending usage trend. Tough playoff matchups."
wr44_2025,Justin Nelson,WR,CIN,8,rookie,"Deep-threat receiver with big-play ability, high weekly variance","deep_threat_wr, outside_wr",High,Flat,Healthy,Round 9-10,Tier 4,Med,9,Tough playoff matchups,"Healthy Tier 4 WR in high-volume passing offense, fast tempo with steady usage pattern. Tough playoff matchups."
wr45_2025,Ben Miller,WR,TB,8,young breakout,"Outside receiver with varied route tree, mid weekly variance",outside_wr,Mid,Down,Out,Round 7-8,Tier 3,High,6,Mixed playoff outlook,"Out with availability unclear Tier 3 WR in mid-volume passing offense, fast tempo with declining role. Mixed playoff outlook."
wr46_2025,Justin Hernandez,WR,BAL,8,rookie,"Possession receiver operating from slot, high weekly variance",possession_wr,High,Up,Healthy,Round 7-8,Tier 3,High,12,Tough playoff matchups,"Healthy Tier 3 WR in high-volume passing offense, fast tempo with ascending usage trend. Tough playoff matchups."
wr47_2025,Devon Martinez,WR,ATL,8,rookie,"Deep-threat receiver with big-play ability, high weekly variance","deep_threat_wr, possession_wr",High,Up,Healthy,Round 5-6,Tier 2,Low,6,Mixed playoff outlook,"Healthy Tier 2 WR in mid-volume passing offense, mid tempo with ascending usage trend. Mixed playoff outlook."
wr48_2025,Logan Allen,WR,PHI,8,veteran,"Outside receiver with varied route tree, mid weekly variance",outside_wr,Mid,Flat,Healthy,Round 5-6,Tier 4,High,7,Mixed playoff outlook,"Healthy Tier 4 WR in low-volume passing offense, fast tempo with steady usage pattern. Mixed playoff outlook."
wr49_2025,Darian Allen,WR,LAR,8,veteran,"Deep-threat receiver with big-play ability, high weekly variance","deep_threat_wr, outside_wr",High,Down,Healthy,Round 3-4,Tier 1,High,10,Friendly playoff schedule,"Healthy Tier 1 WR in high-volume passing offense, slow tempo with declining role. Friendly playoff schedule."
wr50_2025,Ethan Jones,WR,SF,8,veteran,"Deep-threat receiver with big-play ability, high weekly variance","deep_threat_wr, outside_wr",High,Up,Healthy,Round 9-10,Tier 4,Low,12,Friendly playoff schedule,"Healthy Tier 4 WR in high-volume passing offense, fast tempo with ascending usage trend. Friendly playoff schedule."
wr51_2025,Lucas Allen,WR,IND,8,veteran,"Outside receiver with varied route tree, mid weekly variance",outside_wr,Mid,Down,Out,Round 11+,Tier 5,Med,7,Mixed playoff outlook,"Out with availability unclear Tier 5 WR in mid-volume passing offense, mid tempo with declining role. Mixed playoff outlook."
wr52_2025,Nick Torres,WR,MIN,8,rookie,"Deep-threat receiver with big-play ability, mid weekly variance","deep_threat_wr, possession_wr",Mid,Up,Healthy,Round 3-4,Tier 1,Very High,4,Mixed playoff outlook,"Healthy Tier 1 WR in mid-volume passing offense, slow tempo with ascending usage trend. Mixed playoff outlook."
wr53_2025,Kyle Martinez,WR,NYJ,8,rookie,"Deep-threat receiver with big-play ability, mid weekly variance","deep_threat_wr, possession_wr",Mid,Down,Healthy,Round 7-8,Tier 4,Very High,6,Mixed playoff outlook,"Healthy Tier 4 WR in mid-volume passing offense, mid tempo with declining role. Mixed playoff outlook."
wr54_2025,Austin Williams,WR,DAL,8,rookie,"Deep-threat receiver with big-play ability, mid weekly variance","deep_threat_wr, outside_wr",Mid,Up,Questionable,Round 11+,Tier 5,High,5,Mixed playoff outlook,"Minor injury concern Tier 5 WR in high-volume passing offense, fast tempo with ascending usage trend. Mixed playoff outlook."
wr55_2025,Logan Walker,WR,LAR,8,rookie,"Outside receiver with varied route tree, high weekly variance",outside_wr,High,Up,Healthy,Round 5-6,Tier 3,Low,4,Tough playoff matchups,"Healthy Tier 3 WR in high-volume passing offense, mid tempo with ascending usage trend. Tough playoff matchups."
wr56_2025,Kyle Martin,WR,TB,8,rookie,"Outside receiver with varied route tree, high weekly variance",outside_wr,High,Flat,Healthy,Round 5-6,Tier 3,High,10,Tough playoff matchups,"Healthy Tier 3 WR in low-volume passing offense, fast tempo with steady usage pattern. Tough playoff matchups."
wr57_2025,Chris Garcia,WR,MIA,8,young breakout,"Deep-threat receiver with big-play ability, high weekly variance","deep_threat_wr, outside_wr",High,Down,Healthy,Round 9-10,Tier 5,Low,10,Mixed playoff outlook,"Healthy Tier 5 WR in high-volume passing offense, fast tempo with declining role. Mixed playoff outlook."
wr58_2025,Derek Harris,WR,LAC,8,veteran,"Deep-threat receiver with big-play ability, mid weekly variance","deep_threat_wr, possession_wr",Mid,Flat,Out,Round 1-2,Tier 1,High,9,Friendly playoff schedule,"Out with availability unclear Tier 1 WR in high-volume passing offense, fast tempo with steady usage pattern. Friendly playoff schedule."
wr59_2025,Caleb Foster,WR,LAR,8,veteran,"Possession receiver operating from slot, mid weekly variance",possession_wr,Mid,Flat,Healthy,Round 5-6,Tier 2,High,6,Mixed playoff outlook,"Healthy Tier 2 WR in mid-volume passing offense, fast tempo with steady usage pattern. Mixed playoff outlook."
wr60_2025,Trevor Brown,WR,DEN,8,veteran,"Outside receiver with varied route tree, mid weekly variance",outside_wr,Mid,Flat,Healthy,Round 5-6,Tier 3,Med,12,Mixed playoff outlook,"Healthy Tier 3 WR in high-volume passing offense, fast tempo with steady usage pattern. Mixed playoff outlook."
wr61_2025,Trevor Martin,WR,GB,8,veteran,"Deep-threat receiver with big-play ability, mid weekly variance","deep_threat_wr, outside_wr",Mid,Flat,Healthy,Round 5-6,Tier 4,Very High,9,Mixed playoff outlook,"Healthy Tier 4 WR in high-volume passing offense, mid tempo with steady usage pattern. Mixed playoff outlook."
wr62_2025,Nick Holt,WR,ARI,8,veteran,"Deep-threat receiver with big-play ability, mid weekly variance","deep_threat_wr, possession_wr",Mid,Flat,Healthy,Round 7-8,Tier 4,High,6,Mixed playoff outlook,"Healthy Tier 4 WR in mid-volume passing offense, mid tempo with steady usage pattern. Mixed playoff outlook."
wr63_2025,Ben Jackson,WR,CIN,8,veteran,"Deep-threat receiver with big-play ability, high weekly variance","deep_threat_wr, outside_wr",High,Flat,Healthy,Round 3-4,Tier 1,High,6,Mixed playoff outlook,"Healthy Tier 1 WR in high-volume passing offense, slow tempo with steady usage pattern. Mixed playoff outlook."
wr64_2025,James Campbell,WR,PHI,8,rookie,"Deep-threat receiver with big-play ability, high weekly variance","deep_threat_wr, possession_wr",High,Flat,Healthy,Round 7-8,Tier 3,High,6,Mixed playoff outlook,"Healthy Tier 3 WR in mid-volume passing offense, mid tempo with steady usage pattern. Mixed playoff outlook."
wr65_2025,David Baker,WR,TB,8,rookie,"Deep-threat receiver with big-play ability, high weekly variance","deep_threat_wr, outside_wr",High,Down,Healthy,Round 9-10,Tier 4,Med,10,Tough playoff matchups,"Healthy Tier 4 WR in mid-volume passing offense, fast tempo with declining role. Tough playoff matchups."
wr66_2025,Brandon Hernandez,WR,ARI,8,rookie,"Deep-threat receiver with big-play ability, mid weekly variance","deep_threat_wr, outside_wr",Mid,Up,Healthy,Round 3-4,Tier 1,Very High,9,Mixed playoff outlook,"Healthy Tier 1 WR in high-volume passing offense, fast tempo with ascending usage trend. Mixed playoff outlook."
wr67_2025,Kyle Mitchell,WR,ARI,8,veteran,"Deep-threat receiver with big-play ability, high weekly variance","deep_threat_wr, outside_wr",High,Flat,Healthy,Round 5-6,Tier 4,High,5,Tough playoff matchups,"Healthy Tier 4 WR in high-volume passing offense, mid tempo with steady usage pattern. Tough playoff matchups."
wr68_2025,James Rivera,WR,NYG,8,rookie,"Deep-threat receiver with big-play ability, high weekly variance","deep_threat_wr, outside_wr",High,Down,Healthy,Round 3-4,Tier 2,High,6,Mixed playoff outlook,"Healthy Tier 2 WR in high-volume passing offense, fast tempo with declining role. Mixed playoff outlook."
wr69_2025,Jordan Moore,WR,DAL,8,veteran,"Deep-threat receiver with big-play ability, high weekly variance","deep_threat_wr, possession_wr",High,Flat,IR,Round 9-10,Tier 4,High,8,Mixed playoff outlook,"IR with availability unclear Tier 4 WR in high-volume passing offense, fast tempo with steady usage pattern. Mixed playoff outlook."
wr70_2025,Derek Allen,WR,TEN,8,veteran,"Possession receiver operating from slot, high weekly variance",possession_wr,High,Flat,Healthy,Round 3-4,Tier 2,High,9,Tough playoff matchups,"Healthy Tier 2 WR in high-volume passing offense, slow tempo with steady usage pattern. Tough playoff matchups."
wr71_2025,Sam Martin,WR,WAS,8,veteran,"Deep-threat receiver with big-play ability, high weekly variance","deep_threat_wr, possession_wr",High,Flat,Healthy,Round 5-6,Tier 2,High,6,Mixed playoff outlook,"Healthy Tier 2 WR in mid-volume passing offense, mid tempo with steady usage pattern. Mixed playoff outlook."
wr72_2025,Trevor Martinez,WR,LAC,8,veteran,"Outside receiver with varied route tree, high weekly variance",outside_wr,High,Down,Healthy,Round 3-4,Tier 2,High,9,Mixed playoff outlook,"Healthy Tier 2 WR in low-volume passing offense, slow tempo with declining role. Mixed playoff outlook."
wr73_2025,Austin Garcia,WR,WAS,8,young breakout,"Outside receiver with varied route tree, mid weekly variance",outside_wr,Mid,Down,Out,Round 7-8,Tier 3,Very High,12,Mixed playoff outlook,"Out with availability unclear Tier 3 WR in low-volume passing offense, fast tempo with declining role. Mixed playoff outlook."
wr74_2025,James Rivera,WR,BAL,8,young breakout,"Deep-threat receiver with big-play ability, mid weekly variance","deep_threat_wr, outside_wr",Mid,Flat,Healthy,Round 7-8,Tier 4,Med,6,Tough playoff matchups,"Healthy Tier 4 WR in mid-volume passing offense, fast tempo with steady usage pattern. Tough playoff matchups."
wr75_2025,Justin Young,WR,NE,8,veteran,"Deep-threat receiver with big-play ability, mid weekly variance","deep_threat_wr, outside_wr",Mid,Flat,Healthy,Round 7-8,Tier 2,Med,6,Mixed playoff outlook,"Healthy Tier 2 WR in low-volume passing offense, fast tempo with steady usage pattern. Mixed playoff outlook."
wr76_2025,Ben Martin,WR,CIN,8,rookie,"Deep-threat receiver with big-play ability, high weekly variance","deep_threat_wr, outside_wr",High,Flat,Healthy,Round 3-4,Tier 2,High,8,Mixed playoff outlook,"Healthy Tier 2 WR in mid-volume passing offense, mid tempo with steady usage pattern. Mixed playoff outlook."
wr77_2025,Austin Torres,WR,JAX,8,young breakout,"Outside receiver with varied route tree, mid weekly variance",outside_wr,Mid,Up,Healthy,Round 5-6,Tier 2,Med,9,Friendly playoff schedule,"Healthy Tier 2 WR in high-volume passing offense, mid tempo with ascending usage trend. Friendly playoff schedule."
wr78_2025,Darian Moore,WR,KC,8,veteran,"Outside receiver with varied route tree, high weekly variance",outside_wr,High,Down,Healthy,Round 9-10,Tier 3,Med,4,Tough playoff matchups,"Healthy Tier 3 WR in mid-volume passing offense, mid tempo with declining role. Tough playoff matchups."
wr79_2025,Liam Wright,WR,LAC,8,veteran,"Deep-threat receiver with big-play ability, mid weekly variance","deep_threat_wr, possession_wr",Mid,Up,Healthy,Round 3-4,Tier 1,High,11,Friendly playoff schedule,"Healthy Tier 1 WR in low-volume passing offense, mid tempo with ascending usage trend. Friendly playoff schedule."
wr80_2025,Matt Wright,WR,LAR,8,rookie,"Deep-threat receiver with big-play ability, mid weekly variance","deep_threat_wr, outside_wr",Mid,Flat,Healthy,Round 9-10,Tier 5,Low,9,Mixed playoff outlook,"Healthy Tier 5 WR in high-volume passing offense, fast tempo with steady usage pattern. Mixed playoff outlook."
te1_2025,Chris Torres,TE,CLE,8,young breakout,"Balanced TE splitting inline/receiving duties, mid usage consistency",hybrid_te,Mid,Flat,Healthy,Round 9-10,Tier 4,High,11,Friendly playoff schedule,"Healthy Tier 4 TE in high-volume passing offense, mid tempo with steady usage pattern. Friendly playoff schedule."
te2_2025,Alex Baker,TE,NO,8,young breakout,"Balanced TE splitting inline/receiving duties, mid usage consistency",hybrid_te,Mid,Flat,Healthy,Round 7-8,Tier 4,High,9,Friendly playoff schedule,"Healthy Tier 4 TE in high-volume passing offense, mid tempo with steady usage pattern. Friendly playoff schedule."
te3_2025,Brian Scott,TE,WAS,8,young breakout,"Inline blocker with limited receiving role, mid usage consistency",blocking_te,Mid,Flat,Healthy,Round 7-8,Tier 3,High,12,Friendly playoff schedule,"Healthy Tier 3 TE in high-volume passing offense, mid tempo with steady usage pattern. Friendly playoff schedule."
te4_2025,Jamal Jones,TE,PHI,8,young breakout,"Inline blocker with limited receiving role, low usage consistency",blocking_te,Low,Up,Questionable,Round 5-6,Tier 3,Med,12,Friendly playoff schedule,"Minor injury concern Tier 3 TE in mid-volume passing offense, mid tempo with ascending usage trend. Friendly playoff schedule."
te5_2025,Ethan Turner,TE,MIN,8,veteran,"Pass-catching TE with high target share, low usage consistency","blocking_te, receiving_te",Low,Flat,Healthy,Round 9-10,Tier 4,Very High,4,Tough playoff matchups,"Healthy Tier 4 TE in mid-volume passing offense, mid tempo with steady usage pattern. Tough playoff matchups."
te6_2025,Noah Garcia,TE,ATL,8,veteran,"Inline blocker with limited receiving role, mid usage consistency",blocking_te,Mid,Flat,Healthy,Round 7-8,Tier 4,Med,5,Friendly playoff schedule,"Healthy Tier 4 TE in high-volume passing offense, mid tempo with steady usage pattern. Friendly playoff schedule."
te7_2025,Michael Flores,TE,MIN,8,veteran,"Balanced TE splitting inline/receiving duties, low usage consistency",hybrid_te,Low,Flat,Doubtful,Round 9-10,Tier 3,Med,12,Friendly playoff schedule,"Doubtful with availability unclear Tier 3 TE in mid-volume passing offense, slow tempo with steady usage pattern. Friendly playoff schedule."
te8_2025,Michael Wright,TE,LAR,8,rookie,"Balanced TE splitting inline/receiving duties, high usage consistency",hybrid_te,High,Down,Healthy,Round 11+,Tier 3,Med,9,Mixed playoff outlook,"Healthy Tier 3 TE in mid-volume passing offense, slow tempo with declining role. Mixed playoff outlook."
te9_2025,Liam Adams,TE,DET,8,veteran,"Pass-catching TE with high target share, mid usage consistency","blocking_te, receiving_te",Mid,Flat,Healthy,Round 7-8,Tier 4,High,8,Mixed playoff outlook,"Healthy Tier 4 TE in mid-volume passing offense, slow tempo with steady usage pattern. Mixed playoff outlook."
te10_2025,Jordan Walker,TE,WAS,8,veteran,"Balanced TE splitting inline/receiving duties, mid usage consistency",hybrid_te,Mid,Up,Doubtful,Round 1-2,Tier 1,High,11,Tough playoff matchups,"Doubtful with availability unclear Tier 1 TE in high-volume passing offense, fast tempo with ascending usage trend. Tough playoff matchups."
te11_2025,Jamal Adams,TE,SF,8,rookie,"Balanced TE splitting inline/receiving duties, mid usage consistency",hybrid_te,Mid,Flat,Out,Round 5-6,Tier 3,Very High,10,Friendly playoff schedule,"Out with availability unclear Tier 3 TE in mid-volume passing offense, mid tempo with steady usage pattern. Friendly playoff schedule."
te12_2025,Jordan Wilson,TE,MIA,8,young breakout,"Balanced TE splitting inline/receiving duties, mid usage consistency",hybrid_te,Mid,Flat,Healthy,Round 11+,Tier 5,High,7,Tough playoff matchups,"Healthy Tier 5 TE in high-volume passing offense, mid tempo with steady usage pattern. Tough playoff matchups."
te13_2025,Jamal Roberts,TE,HOU,8,veteran,"Balanced TE splitting inline/receiving duties, mid usage consistency",hybrid_te,Mid,Flat,Healthy,Round 7-8,Tier 2,Med,11,Mixed playoff outlook,"Healthy Tier 2 TE in mid-volume passing offense, fast tempo with steady usage pattern. Mixed playoff outlook."
te14_2025,Brian Hill,TE,DET,8,veteran,"Balanced TE splitting inline/receiving duties, mid usage consistency",hybrid_te,Mid,Flat,Healthy,Round 3-4,Tier 2,High,8,Mixed playoff outlook,"Healthy Tier 2 TE in mid-volume passing offense, fast tempo with steady usage pattern. Mixed playoff outlook."
te15_2025,Lucas Flores,TE,WAS,8,young breakout,"Inline blocker with limited receiving role, mid usage consistency",blocking_te,Mid,Up,Healthy,Round 9-10,Tier 4,Med,7,Tough playoff matchups,"Healthy Tier 4 TE in high-volume passing offense, mid tempo with ascending usage trend. Tough playoff matchups."
te16_2025,David Flores,TE,NYG,8,young breakout,"Balanced TE splitting inline/receiving duties, mid usage consistency",hybrid_te,Mid,Up,Questionable,Round 5-6,Tier 3,High,10,Mixed playoff outlook,"Minor injury concern Tier 3 TE in low-volume passing offense, mid tempo with ascending usage trend. Mixed playoff outlook."
te17_2025,Austin Harris,TE,ARI,8,veteran,"Balanced TE splitting inline/receiving duties, high usage consistency",hybrid_te,High,Flat,Doubtful,Round 9-10,Tier 5,Med,12,Tough playoff matchups,"Doubtful with availability unclear Tier 5 TE in high-volume passing offense, fast tempo with steady usage pattern. Tough playoff matchups."
te18_2025,Cameron Baker,TE,LAC,8,young breakout,"Inline blocker with limited receiving role, low usage consistency",blocking_te,Low,Flat,Healthy,Round 5-6,Tier 4,High,7,Friendly playoff schedule,"Healthy Tier 4 TE in high-volume passing offense, mid tempo with steady usage pattern. Friendly playoff schedule."
te19_2025,Michael Roberts,TE,SF,8,rookie,"Pass-catching TE with high target share, mid usage consistency","blocking_te, receiving_te",Mid,Flat,Healthy,Round 7-8,Tier 4,High,12,Mixed playoff outlook,"Healthy Tier 4 TE in mid-volume passing offense, mid tempo with steady usage pattern. Mixed playoff outlook."
te20_2025,Eric Wright,TE,DEN,8,veteran,"Inline blocker with limited receiving role, low usage consistency",blocking_te,Low,Flat,Healthy,Round 9-10,Tier 5,High,4,Tough playoff matchups,"Healthy Tier 5 TE in high-volume passing offense, mid tempo with steady usage pattern. Tough playoff matchups."
te21_2025,Marcus Gonzalez,TE,NO,8,veteran,"Balanced TE splitting inline/receiving duties, mid usage consistency",hybrid_te,Mid,Flat,Questionable,Round 7-8,Tier 4,Med,10,Mixed playoff outlook,"Minor injury concern Tier 4 TE in high-volume passing offense, mid tempo with steady usage pattern. Mixed playoff outlook."
te22_2025,Noah Brown,TE,BUF,8,young breakout,"Pass-catching TE with high target share, mid usage consistency",receiving_te,Mid,Flat,Healthy,Round 7-8,Tier 2,Low,9,Mixed playoff outlook,"Healthy Tier 2 TE in mid-volume passing offense, mid tempo with steady usage pattern. Mixed playoff outlook."
te23_2025,Josh Martinez,TE,LAR,8,young breakout,"Inline blocker with limited receiving role, mid usage consistency",blocking_te,Mid,Flat,Questionable,Round 11+,Tier 4,Low,8,Friendly playoff schedule,"Minor injury concern Tier 4 TE in mid-volume passing offense, slow tempo with steady usage pattern. Friendly playoff schedule."
te24_2025,Noah Green,TE,DEN,8,rookie,"Balanced TE splitting inline/receiving duties, low usage consistency",hybrid_te,Low,Flat,Out,Round 5-6,Tier 4,Very High,10,Mixed playoff outlook,"Out with availability unclear Tier 4 TE in high-volume passing offense, fast tempo with steady usage pattern. Mixed playoff outlook."
te25_2025,Cameron Gonzalez,TE,HOU,8,young breakout,"Pass-catching TE with high target share, high usage consistency","blocking_te, receiving_te",High,Flat,Healthy,Round 3-4,Tier 2,High,10,Mixed playoff outlook,"Healthy Tier 2 TE in high-volume passing offense, mid tempo with steady usage pattern. Mixed playoff outlook."
te26_2025,Liam Adams,TE,BUF,8,young breakout,"Balanced TE splitting inline/receiving duties, mid usage consistency",hybrid_te,Mid,Down,Healthy,Round 5-6,Tier 4,High,4,Mixed playoff outlook,"Healthy Tier 4 TE in mid-volume passing offense, mid tempo with declining role. Mixed playoff outlook."
te27_2025,Nick Mitchell,TE,WAS,8,veteran,"Inline blocker with limited receiving role, mid usage consistency",blocking_te,Mid,Down,Healthy,Round 5-6,Tier 3,Med,8,Mixed playoff outlook,"Healthy Tier 3 TE in high-volume passing offense, fast tempo with declining role. Mixed playoff outlook."
te28_2025,Justin Wright,TE,IND,8,young breakout,"Balanced TE splitting inline/receiving duties, high usage consistency",hybrid_te,High,Down,Out,Round 9-10,Tier 5,Med,12,Tough playoff matchups,"Out with availability unclear Tier 5 TE in mid-volume passing offense, mid tempo with declining role. Tough playoff matchups."
te29_2025,Logan Mitchell,TE,CIN,8,veteran,"Balanced TE splitting inline/receiving duties, mid usage consistency",hybrid_te,Mid,Up,Healthy,Round 3-4,Tier 1,High,5,Friendly playoff schedule,"Healthy Tier 1 TE in high-volume passing offense, mid tempo with ascending usage trend. Friendly playoff schedule."
te30_2025,Adam Wilson,TE,IND,8,rookie,"Inline blocker with limited receiving role, mid usage consistency",blocking_te,Mid,Up,Healthy,Round 3-4,Tier 1,High,7,Tough playoff matchups,"Healthy Tier 1 TE in high-volume passing offense, fast tempo with ascending usage trend. Tough playoff matchups."
te31_2025,Adam Allen,TE,NE,8,young breakout,"Inline blocker with limited receiving role, mid usage consistency",blocking_te,Mid,Up,Healthy,Round 3-4,Tier 2,High,4,Tough playoff matchups,"Healthy Tier 2 TE in low-volume passing offense, fast tempo with ascending usage trend. Tough playoff matchups."
te32_2025,Brandon Robinson,TE,DAL,8,veteran,"Inline blocker with limited receiving role, high usage consistency",blocking_te,High,Flat,Questionable,Round 5-6,Tier 3,High,4,Mixed playoff outlook,"Minor injury concern Tier 3 TE in mid-volume passing offense, mid tempo with steady usage pattern. Mixed playoff outlook."
te33_2025,Jamal Garcia,TE,SF,8,rookie,"Balanced TE splitting inline/receiving duties, low usage consistency",hybrid_te,Low,Up,Healthy,Round 9-10,Tier 4,Very High,6,Tough playoff matchups,"Healthy Tier 4 TE in high-volume passing offense, mid tempo with ascending usage trend. Tough playoff matchups."
te34_2025,Chris Lewis,TE,ARI,8,veteran,"Inline blocker with limited receiving role, low usage consistency",blocking_te,Low,Flat,Doubtful,Round 9-10,Tier 3,Very High,9,Friendly playoff schedule,"Doubtful with availability unclear Tier 3 TE in high-volume passing offense, fast tempo with steady usage pattern. Friendly playoff schedule."
te35_2025,Justin Turner,TE,LV,8,veteran,"Inline blocker with limited receiving role, high usage consistency",blocking_te,High,Up,Healthy,Round 7-8,Tier 3,Med,11,Tough playoff matchups,"Healthy Tier 3 TE in mid-volume passing offense, fast tempo with ascending usage trend. Tough playoff matchups."
te36_2025,Alex Thomas,TE,LAC,8,young breakout,"Inline blocker with limited receiving role, mid usage consistency",blocking_te,Mid,Up,Healthy,Round 3-4,Tier 1,High,5,Mixed playoff outlook,"Healthy Tier 1 TE in mid-volume passing offense, slow tempo with ascending usage trend. Mixed playoff outlook."
te37_2025,Brandon Taylor,TE,KC,8,rookie,"Pass-catching TE with high target share, mid usage consistency","blocking_te, receiving_te",Mid,Up,Healthy,Round 5-6,Tier 4,High,4,Friendly playoff schedule,"Healthy Tier 4 TE in high-volume passing offense, slow tempo with ascending usage trend. Friendly playoff schedule."
te38_2025,Mason Hill,TE,KC,8,veteran,"Inline blocker with limited receiving role, mid usage consistency",blocking_te,Mid,Up,IR,Round 5-6,Tier 4,High,8,Tough playoff matchups,"IR with availability unclear Tier 4 TE in mid-volume passing offense, mid tempo with ascending usage trend. Tough playoff matchups."
te39_2025,Xavier Foster,TE,CHI,8,young breakout,"Balanced TE splitting inline/receiving duties, low usage consistency",hybrid_te,Low,Flat,Out,Round 7-8,Tier 3,Med,12,Mixed playoff outlook,"Out with availability unclear Tier 3 TE in high-volume passing offense, mid tempo with steady usage pattern. Mixed playoff outlook."
te40_2025,Isaiah Adams,TE,TEN,8,veteran,"Balanced TE splitting inline/receiving duties, low usage consistency",hybrid_te,Low,Flat,Healthy,Round 5-6,Tier 3,High,4,Tough playoff matchups,"Healthy Tier 3 TE in high-volume passing offense, slow tempo with steady usage pattern. Tough playoff matchups."
te41_2025,Ben Thompson,TE,NO,8,young breakout,"Inline blocker with limited receiving role, mid usage consistency",blocking_te,Mid,Flat,Healthy,Round 3-4,Tier 1,High,12,Friendly playoff schedule,"Healthy Tier 1 TE in high-volume passing offense, mid tempo with steady usage pattern. Friendly playoff schedule."
te42_2025,Kyle King,TE,NE,8,veteran,"Inline blocker with limited receiving role, mid usage consistency",blocking_te,Mid,Down,Healthy,Round 9-10,Tier 3,Low,6,Mixed playoff outlook,"Healthy Tier 3 TE in mid-volume passing offense, mid tempo with declining role. Mixed playoff outlook."
te43_2025,Austin Allen,TE,MIN,8,rookie,"Balanced TE splitting inline/receiving duties, high usage consistency",hybrid_te,High,Up,Healthy,Round 5-6,Tier 3,High,4,Mixed playoff outlook,"Healthy Tier 3 TE in high-volume passing offense, mid tempo with ascending usage trend. Mixed playoff outlook."
te44_2025,Marcus Garcia,TE,DEN,8,veteran,"Balanced TE splitting inline/receiving duties, high usage consistency",hybrid_te,High,Up,Questionable,Round 9-10,Tier 4,Med,11,Mixed playoff outlook,"Minor injury concern Tier 4 TE in mid-volume passing offense, fast tempo with ascending usage trend. Mixed playoff outlook."
te45_2025,Tyler Anderson,TE,DEN,8,veteran,"Pass-catching TE with high target share, high usage consistency",receiving_te,High,Flat,Doubtful,Round 1-2,Tier 1,High,7,Tough playoff matchups,"Doubtful with availability unclear Tier 1 TE in low-volume passing offense, mid tempo with steady usage pattern. Tough playoff matchups."
te46_2025,Logan Flores,TE,CHI,8,veteran,"Balanced TE splitting inline/receiving duties, low usage consistency",hybrid_te,Low,Down,Healthy,Round 5-6,Tier 3,Med,9,Mixed playoff outlook,"Healthy Tier 3 TE in mid-volume passing offense, slow tempo with declining role. Mixed playoff outlook."
te47_2025,Josh King,TE,CLE,8,veteran,"Inline blocker with limited receiving role, mid usage consistency",blocking_te,Mid,Down,Doubtful,Round 9-10,Tier 4,High,7,Mixed playoff outlook,"Doubtful with availability unclear Tier 4 TE in high-volume passing offense, mid tempo with declining role. Mixed playoff outlook."
te48_2025,Mason Holt,TE,IND,8,rookie,"Balanced TE splitting inline/receiving duties, low usage consistency",hybrid_te,Low,Flat,Questionable,Round 5-6,Tier 3,Very High,8,Friendly playoff schedule,"Minor injury concern Tier 3 TE in high-volume passing offense, mid tempo with steady usage pattern. Friendly playoff schedule."
te49_2025,Darian Taylor,TE,SEA,8,veteran,"Balanced TE splitting inline/receiving duties, mid usage consistency",hybrid_te,Mid,Flat,Healthy,Round 3-4,Tier 2,High,11,Tough playoff matchups,"Healthy Tier 2 TE in mid-volume passing offense, fast tempo with steady usage pattern. Tough playoff matchups."
te50_2025,Ryan Turner,TE,GB,8,rookie,"Balanced TE splitting inline/receiving duties, low usage consistency",hybrid_te,Low,Flat,Healthy,Round 7-8,Tier 2,Low,6,Tough playoff matchups,"Healthy Tier 2 TE in high-volume passing offense, mid tempo with steady usage pattern. Tough playoff matchups."
